{
    "loss": 14.866960525512695,
    "accuracy": 0.6401869058609009
}